{
  "categories": ["All", "Indian", "Italian", "Asian", "Chinese"],
  "recipes": [
    {
      "title": "Classic Greek Salad",
      "image": "assets/images/classic_greek_salad.png",
      "time": 15,
      "rating": 4.5,
      "author": "John Doe"
    },
    {
      "title": "Crunchy Nut Coleslaw",
      "image": "assets/images/crunchy_nut_coleslaw.png",
      "time": 10,
      "rating": 3.5,
      "author": "Jane Doe"
    },
    {
      "title": "Shrimp chicken Andouille",
      "image": "assets/images/card3.png",
      "time": 10,
      "rating": 3.0,
      "author": "John Doe"
    },
    {
      "title": "Barbeque Chicken Jollof...",
      "image": "assets/images/card4.png",
      "time": 10,
      "rating": 4.5,
      "author": "Jane Doe"
    },
    {
      "title": "Portuguese Piri Piri Chicken",
      "image": "assets/images/card5.png",
      "time": 10,
      "rating": 4.5,
      "author": "Jane Doe"
    }
  ],
  "new_recipes": [
    {
      "title": "Steak with tomato sauce and bulgur rice.",
      "recipeImage": "assets/images/steak_with_tomato.png",
      "userImage": "assets/images/profile1.png",
      "userName": "James Milner",
      "rating": 4,
      "time": "15 mins"
    },
    {
      "title": "Crunchy Nut Coleslaw",
      "recipeImage": "assets/images/crunchy_nut_coleslaw.png",
      "userImage": "assets/images/profile2.png",
      "userName": "Laura Wilson",
      "rating": 5,
      "time": "15 mins"
    },
    {
      "title": "Rice Pilaf, Broccoli and Chicken",
      "recipeImage": "assets/images/new_recipe_3.png",
      "userImage": "assets/images/profile2.png",
      "userName": "Lucas Maura",
      "rating": 5,
      "time": "20 mins"
    },
    {
      "title": "Chicken meal with sauce",
      "recipeImage": "assets/images/new_recipe_4.png",
      "userImage": "assets/images/profile2.png",
      "userName": "Issabela Ethan",
      "rating": 5,
      "time": "20 mins"
    },
    {
      "title": "Stir-fry chicken with broccoli in sweet and sour sauce and rice.",
      "recipeImage": "assets/images/new_recipe_5.png",
      "userImage": "assets/images/profile2.png",
      "userName": "Miquel Ferron",
      "rating": 5,
      "time": "20 mins"
    }
  ]
}

