{
  "ingredients": [
    {"title": "Tomatoes", "imagePath": "assets/images/tomato.png", "quantity": "500g"},
    {"title": "Cabbage", "imagePath": "assets/images/cabbage.png", "quantity": "300g"},
    {"title": "Taco", "imagePath": "assets/images/taco.png", "quantity": "200g"},
    {"title": "Slice bread", "imagePath": "assets/images/slice_bread.png", "quantity": "100g"},
    {"title": "Green onion", "imagePath": "assets/images/ingredient5.png", "quantity": "300g"},
    {"title": "Omelette", "imagePath": "assets/images/ingredient6.png", "quantity": "300g"},
    {"title": "Hot Dog", "imagePath": "assets/images/ingredient7.png", "quantity": "300g"},
    {"title": "Onion", "imagePath": "assets/images/ingredient8.png", "quantity": "300g"},
    {"title": "Lettuce", "imagePath": "assets/images/ingredient9.png", "quantity": "300g"},
    {"title": "Spinach", "imagePath": "assets/images/ingredient10.png", "quantity": "300g"},
    {"title": "Red & Green Chilli", "imagePath": "assets/images/ingredient11.png", "quantity": "300g"},
    {"title": "Fries", "imagePath": "assets/images/ingredient12.png", "quantity": "300g"},
    {"title": "Chicken", "imagePath": "assets/images/ingredient13.png", "quantity": "300g"},
    {"title": "Burger", "imagePath": "assets/images/ingredient14.png", "quantity": "300g"}
  ]
}

